Notes,County,Birth Weight,Death Rate
,"Jefferson County, AL",499 grams or less,900
,"Jefferson County, AL",500 - 999 grams,206.90 (Unreliable)
,"Jefferson County, AL",2000 - 2499 grams,24.75 (Unreliable)
,"Jefferson County, AL",3000 - 3499 grams,3.11 (Unreliable)
Total,"Jefferson County, AL",,10.28
,"Madison County, AL",500 - 999 grams,270.27 (Unreliable)
Total,"Madison County, AL",,7.81
,"Mobile County, AL",499 grams or less,645.16
Total,"Mobile County, AL",,9.81
,"Unidentified Counties, AL",499 grams or less,814.43
,"Unidentified Counties, AL",500 - 999 grams,269.1
,"Unidentified Counties, AL",1000 - 1499 grams,57.8
,"Unidentified Counties, AL",1500 - 1999 grams,36.13
,"Unidentified Counties, AL",2000 - 2499 grams,9.55
,"Unidentified Counties, AL",2500 - 2999 grams,6.02
,"Unidentified Counties, AL",3000 - 3499 grams,2.76
,"Unidentified Counties, AL",3500 - 3999 grams,2.36
Total,"Unidentified Counties, AL",,8.78
Total,"Anchorage Borough, AK",,5.75
Total,"Unidentified Counties, AK",,4.78
,"Maricopa County, AZ",499 grams or less,901.1
,"Maricopa County, AZ",500 - 999 grams,176.47
,"Maricopa County, AZ",1000 - 1499 grams,54.38 (Unreliable)
,"Maricopa County, AZ",1500 - 1999 grams,35.71
,"Maricopa County, AZ",2000 - 2499 grams,11.71
,"Maricopa County, AZ",2500 - 2999 grams,2.92
,"Maricopa County, AZ",3000 - 3499 grams,1.86
,"Maricopa County, AZ",3500 - 3999 grams,1.29 (Unreliable)
Total,"Maricopa County, AZ",,5.47
,"Pima County, AZ",499 grams or less,909.09 (Unreliable)
,"Pima County, AZ",500 - 999 grams,244.44 (Unreliable)
Total,"Pima County, AZ",,4.47
Total,"Pinal County, AZ",,4.92
,"Unidentified Counties, AZ",499 grams or less,846.15 (Unreliable)
,"Unidentified Counties, AZ",500 - 999 grams,314.29
,"Unidentified Counties, AZ",3000 - 3499 grams,2.53 (Unreliable)
Total,"Unidentified Counties, AZ",,5.52
Total,"Pulaski County, AR",,7.85
,"Unidentified Counties, AR",499 grams or less,826.09
,"Unidentified Counties, AR",500 - 999 grams,213.54
,"Unidentified Counties, AR",1000 - 1499 grams,75.47
,"Unidentified Counties, AR",1500 - 1999 grams,46.55
,"Unidentified Counties, AR",2000 - 2499 grams,13.19
,"Unidentified Counties, AR",2500 - 2999 grams,7.13
,"Unidentified Counties, AR",3000 - 3499 grams,3.52
,"Unidentified Counties, AR",3500 - 3999 grams,2.69
,"Unidentified Counties, AR",4000 - 4499 grams,4.74 (Unreliable)
Total,"Unidentified Counties, AR",,8.26
,"Alameda County, CA",499 grams or less,785.71 (Unreliable)
,"Alameda County, CA",500 - 999 grams,241.94 (Unreliable)
,"Alameda County, CA",2500 - 2999 grams,4.56 (Unreliable)
Total,"Alameda County, CA",,3.78
Total,"Contra Costa County, CA",,2.84
,"Fresno County, CA",499 grams or less,894.74 (Unreliable)
,"Fresno County, CA",500 - 999 grams,179.10 (Unreliable)
,"Fresno County, CA",2000 - 2499 grams,14.45 (Unreliable)
Total,"Fresno County, CA",,4.76
,"Kern County, CA",500 - 999 grams,180.56 (Unreliable)
,"Kern County, CA",3000 - 3499 grams,3.09 (Unreliable)
Total,"Kern County, CA",,4.81
,"Los Angeles County, CA",499 grams or less,875.91
,"Los Angeles County, CA",500 - 999 grams,239.22
,"Los Angeles County, CA",1000 - 1499 grams,29.34
,"Los Angeles County, CA",1500 - 1999 grams,25.61
,"Los Angeles County, CA",2000 - 2499 grams,6.63
,"Los Angeles County, CA",2500 - 2999 grams,2.55
,"Los Angeles County, CA",3000 - 3499 grams,1.45
,"Los Angeles County, CA",3500 - 3999 grams,1.17
Total,"Los Angeles County, CA",,4.3
Total,"Merced County, CA",,3.89 (Unreliable)
Total,"Monterey County, CA",,4.34
,"Orange County, CA",499 grams or less,821.43
,"Orange County, CA",500 - 999 grams,229.01
,"Orange County, CA",1000 - 1499 grams,42.92 (Unreliable)
,"Orange County, CA",1500 - 1999 grams,27.21 (Unreliable)
,"Orange County, CA",2000 - 2499 grams,9.62 (Unreliable)
,"Orange County, CA",2500 - 2999 grams,1.42 (Unreliable)
,"Orange County, CA",3000 - 3499 grams,0.64 (Unreliable)
Total,"Orange County, CA",,2.97
,"Riverside County, CA",499 grams or less,815.79
,"Riverside County, CA",500 - 999 grams,262.82
,"Riverside County, CA",1000 - 1499 grams,67.07 (Unreliable)
,"Riverside County, CA",1500 - 1999 grams,23.66 (Unreliable)
,"Riverside County, CA",2500 - 2999 grams,2.43 (Unreliable)
,"Riverside County, CA",3000 - 3499 grams,1.14 (Unreliable)
,"Riverside County, CA",3500 - 3999 grams,1.19 (Unreliable)
Total,"Riverside County, CA",,4.76
,"Sacramento County, CA",499 grams or less,884.62
,"Sacramento County, CA",500 - 999 grams,233.64
,"Sacramento County, CA",2500 - 2999 grams,3.65 (Unreliable)
Total,"Sacramento County, CA",,4.85
,"San Bernardino County, CA",499 grams or less,822.22
,"San Bernardino County, CA",500 - 999 grams,278.91
,"San Bernardino County, CA",1000 - 1499 grams,95.00 (Unreliable)
,"San Bernardino County, CA",1500 - 1999 grams,38.19 (Unreliable)
,"San Bernardino County, CA",2000 - 2499 grams,11.65 (Unreliable)
,"San Bernardino County, CA",2500 - 2999 grams,4.82
,"San Bernardino County, CA",3000 - 3499 grams,1.96
Total,"San Bernardino County, CA",,6.28
,"San Diego County, CA",499 grams or less,750
,"San Diego County, CA",500 - 999 grams,240.51
,"San Diego County, CA",2000 - 2499 grams,9.21 (Unreliable)
,"San Diego County, CA",2500 - 2999 grams,2.48 (Unreliable)
,"San Diego County, CA",3000 - 3499 grams,1.68
,"San Diego County, CA",3500 - 3999 grams,0.90 (Unreliable)
Total,"San Diego County, CA",,3.91
Total,"San Francisco County, CA",,2.10 (Unreliable)
Total,"San Joaquin County, CA",,4.29
Total,"San Luis Obispo County, CA",,4.65 (Unreliable)
Total,"San Mateo County, CA",,2.9
,"Santa Barbara County, CA",500 - 999 grams,526.32 (Unreliable)
Total,"Santa Barbara County, CA",,4.91
,"Santa Clara County, CA",499 grams or less,937.50 (Unreliable)
,"Santa Clara County, CA",500 - 999 grams,289.16
Total,"Santa Clara County, CA",,3.47
Total,"Santa Cruz County, CA",,3.93 (Unreliable)
Total,"Solano County, CA",,5.89
Total,"Sonoma County, CA",,2.82 (Unreliable)
Total,"Stanislaus County, CA",,5.34
,"Tulare County, CA",500 - 999 grams,285.71 (Unreliable)
Total,"Tulare County, CA",,6.44
Total,"Ventura County, CA",,2.81
,"Unidentified Counties, CA",499 grams or less,800
,"Unidentified Counties, CA",500 - 999 grams,283.02
,"Unidentified Counties, CA",1000 - 1499 grams,69.77 (Unreliable)
,"Unidentified Counties, CA",1500 - 1999 grams,44.20 (Unreliable)
,"Unidentified Counties, CA",2000 - 2499 grams,8.16 (Unreliable)
,"Unidentified Counties, CA",2500 - 2999 grams,3.60 (Unreliable)
,"Unidentified Counties, CA",3000 - 3499 grams,1.32 (Unreliable)
,"Unidentified Counties, CA",3500 - 3999 grams,1.15 (Unreliable)
Total,"Unidentified Counties, CA",,4.54
Total,"Adams County, CO",,5.7
,"Arapahoe County, CO",499 grams or less,1000.00 (Unreliable)
Total,"Arapahoe County, CO",,5.44
Total,"Boulder County, CO",,4.40 (Unreliable)
,"Denver County, CO",499 grams or less,923.08 (Unreliable)
,"Denver County, CO",500 - 999 grams,350.00 (Unreliable)
Total,"Denver County, CO",,5.1
,"El Paso County, CO",499 grams or less,750.00 (Unreliable)
Total,"El Paso County, CO",,5.58
Total,"Jefferson County, CO",,4.26
Total,"Weld County, CO",,5.34
,"Unidentified Counties, CO",500 - 999 grams,294.12 (Unreliable)
,"Unidentified Counties, CO",3000 - 3499 grams,2.35 (Unreliable)
Total,"Unidentified Counties, CO",,4.23
,"Fairfield County, CT",500 - 999 grams,238.10 (Unreliable)
Total,"Fairfield County, CT",,3.68
,"Hartford County, CT",499 grams or less,937.5
,"Hartford County, CT",500 - 999 grams,244.44 (Unreliable)
Total,"Hartford County, CT",,6.14
,"New Haven County, CT",499 grams or less,823.53 (Unreliable)
,"New Haven County, CT",500 - 999 grams,208.33 (Unreliable)
Total,"New Haven County, CT",,4.84
Total,"New London County, CT",,5.67 (Unreliable)
Total,"Unidentified Counties, CT",,3.82 (Unreliable)
,"New Castle County, DE",499 grams or less,952.38
,"New Castle County, DE",500 - 999 grams,368.42
Total,"New Castle County, DE",,9.54
Total,"Unidentified Counties, DE",,5.34
,"District of Columbia, DC",499 grams or less,857.14 (Unreliable)
,"District of Columbia, DC",500 - 999 grams,250.00 (Unreliable)
,"District of Columbia, DC",2500 - 2999 grams,5.46 (Unreliable)
Total,"District of Columbia, DC",,7.2
Total,"Brevard County, FL",,5.88
,"Broward County, FL",499 grams or less,857.14
,"Broward County, FL",500 - 999 grams,187.13
,"Broward County, FL",2500 - 2999 grams,2.58 (Unreliable)
,"Broward County, FL",3000 - 3499 grams,2.08 (Unreliable)
Total,"Broward County, FL",,5.41
Total,"Collier County, FL",,4.52 (Unreliable)
,"Duval County, FL",499 grams or less,853.66
,"Duval County, FL",500 - 999 grams,220
,"Duval County, FL",2500 - 2999 grams,5.12 (Unreliable)
,"Duval County, FL",3000 - 3499 grams,2.38 (Unreliable)
Total,"Duval County, FL",,8.2
Total,"Escambia County, FL",,8.57
,"Hillsborough County, FL",499 grams or less,940
,"Hillsborough County, FL",500 - 999 grams,270.27
,"Hillsborough County, FL",2500 - 2999 grams,3.02 (Unreliable)
,"Hillsborough County, FL",3000 - 3499 grams,1.77 (Unreliable)
Total,"Hillsborough County, FL",,7.16
Total,"Lake County, FL",,4.28 (Unreliable)
,"Lee County, FL",499 grams or less,857.14 (Unreliable)
Total,"Lee County, FL",,6.52
Total,"Leon County, FL",,5.35 (Unreliable)
Total,"Manatee County, FL",,6.39
,"Marion County, FL",499 grams or less,1000.00 (Unreliable)
Total,"Marion County, FL",,10.66
,"Miami-Dade County, FL",499 grams or less,888.89
,"Miami-Dade County, FL",500 - 999 grams,228.72
,"Miami-Dade County, FL",1500 - 1999 grams,22.81 (Unreliable)
,"Miami-Dade County, FL",2000 - 2499 grams,12.04
,"Miami-Dade County, FL",2500 - 2999 grams,2.72 (Unreliable)
,"Miami-Dade County, FL",3000 - 3499 grams,0.96 (Unreliable)
Total,"Miami-Dade County, FL",,5.17
,"Orange County, FL",499 grams or less,943.4
,"Orange County, FL",500 - 999 grams,231.58
,"Orange County, FL",2000 - 2499 grams,10.78 (Unreliable)
,"Orange County, FL",2500 - 2999 grams,4.86 (Unreliable)
Total,"Orange County, FL",,7.21
Total,"Osceola County, FL",,6.01
,"Palm Beach County, FL",499 grams or less,866.67 (Unreliable)
,"Palm Beach County, FL",500 - 999 grams,229.73 (Unreliable)
Total,"Palm Beach County, FL",,4.21
,"Pasco County, FL",500 - 999 grams,357.14 (Unreliable)
Total,"Pasco County, FL",,7.44
,"Pinellas County, FL",499 grams or less,1000.00 (Unreliable)
,"Pinellas County, FL",500 - 999 grams,260.00 (Unreliable)
,"Pinellas County, FL",2500 - 2999 grams,6.51 (Unreliable)
Total,"Pinellas County, FL",,6.13
,"Polk County, FL",499 grams or less,812.50 (Unreliable)
,"Polk County, FL",500 - 999 grams,203.70 (Unreliable)
,"Polk County, FL",1000 - 1499 grams,147.06 (Unreliable)
Total,"Polk County, FL",,7.05
Total,"St. Lucie County, FL",,6.00 (Unreliable)
Total,"Sarasota County, FL",,4.44 (Unreliable)
Total,"Seminole County, FL",,4.42
Total,"Volusia County, FL",,6.76
,"Unidentified Counties, FL",499 grams or less,934.78
,"Unidentified Counties, FL",500 - 999 grams,240.22
,"Unidentified Counties, FL",1000 - 1499 grams,56.45 (Unreliable)
,"Unidentified Counties, FL",1500 - 1999 grams,19.50 (Unreliable)
,"Unidentified Counties, FL",2000 - 2499 grams,11.87
,"Unidentified Counties, FL",2500 - 2999 grams,3.82
,"Unidentified Counties, FL",3000 - 3499 grams,2.23
,"Unidentified Counties, FL",3500 - 3999 grams,1.36 (Unreliable)
Total,"Unidentified Counties, FL",,6.1
Total,"Chatham County, GA",,7.8
,"Clayton County, GA",499 grams or less,846.15 (Unreliable)
Total,"Clayton County, GA",,11.03
,"Cobb County, GA",499 grams or less,935.48
,"Cobb County, GA",500 - 999 grams,164.18 (Unreliable)
Total,"Cobb County, GA",,6.16
,"DeKalb County, GA",499 grams or less,681.82 (Unreliable)
,"DeKalb County, GA",500 - 999 grams,187.50 (Unreliable)
,"DeKalb County, GA",2500 - 2999 grams,4.96 (Unreliable)
Total,"DeKalb County, GA",,6.24
,"Fulton County, GA",499 grams or less,730.77 (Unreliable)
,"Fulton County, GA",500 - 999 grams,256.64
Total,"Fulton County, GA",,6.4
,"Gwinnett County, GA",499 grams or less,931.03
,"Gwinnett County, GA",500 - 999 grams,324.32
Total,"Gwinnett County, GA",,7.83
,"Unidentified Counties, GA",499 grams or less,899.41
,"Unidentified Counties, GA",500 - 999 grams,255.94
,"Unidentified Counties, GA",1000 - 1499 grams,40.18
,"Unidentified Counties, GA",1500 - 1999 grams,27.33
,"Unidentified Counties, GA",2000 - 2499 grams,12.46
,"Unidentified Counties, GA",2500 - 2999 grams,4.11
,"Unidentified Counties, GA",3000 - 3499 grams,2.31
,"Unidentified Counties, GA",3500 - 3999 grams,1.84
Total,"Unidentified Counties, GA",,7.73
,"Honolulu County, HI",499 grams or less,944.44 (Unreliable)
,"Honolulu County, HI",500 - 999 grams,259.74
,"Honolulu County, HI",2500 - 2999 grams,4.48 (Unreliable)
Total,"Honolulu County, HI",,5.78
Total,"Unidentified Counties, HI",,6.7
Total,"Ada County, ID",,4.56
,"Unidentified Counties, ID",499 grams or less,965.52
,"Unidentified Counties, ID",500 - 999 grams,245.90 (Unreliable)
,"Unidentified Counties, ID",2500 - 2999 grams,5.19 (Unreliable)
,"Unidentified Counties, ID",3000 - 3499 grams,2.30 (Unreliable)
Total,"Unidentified Counties, ID",,6.19
,"Cook County, IL",499 grams or less,857.14
,"Cook County, IL",500 - 999 grams,280.1
,"Cook County, IL",1000 - 1499 grams,41.87
,"Cook County, IL",1500 - 1999 grams,21.52
,"Cook County, IL",2000 - 2499 grams,11.71
,"Cook County, IL",2500 - 2999 grams,3.75
,"Cook County, IL",3000 - 3499 grams,1.59
,"Cook County, IL",3500 - 3999 grams,0.94 (Unreliable)
Total,"Cook County, IL",,7.08
Total,"DuPage County, IL",,3.79
,"Kane County, IL",499 grams or less,1000.00 (Unreliable)
,"Kane County, IL",500 - 999 grams,234.04 (Unreliable)
Total,"Kane County, IL",,5.96
,"Lake County, IL",499 grams or less,785.71 (Unreliable)
Total,"Lake County, IL",,3.39
Total,"McHenry County, IL",,3.88 (Unreliable)
Total,"Madison County, IL",,7.87
Total,"St. Clair County, IL",,8.67
,"Will County, IL",499 grams or less,1000
Total,"Will County, IL",,6.54
Total,"Winnebago County, IL",,7.01
,"Unidentified Counties, IL",499 grams or less,923.08
,"Unidentified Counties, IL",500 - 999 grams,302.56
,"Unidentified Counties, IL",1000 - 1499 grams,62.91 (Unreliable)
,"Unidentified Counties, IL",1500 - 1999 grams,22.46 (Unreliable)
,"Unidentified Counties, IL",2000 - 2499 grams,9.71
,"Unidentified Counties, IL",2500 - 2999 grams,4.5
,"Unidentified Counties, IL",3000 - 3499 grams,1.8
,"Unidentified Counties, IL",3500 - 3999 grams,1.54 (Unreliable)
Total,"Unidentified Counties, IL",,6.35
,"Allen County, IN",499 grams or less,923.08 (Unreliable)
Total,"Allen County, IN",,8.35
Total,"Hamilton County, IN",,5.00 (Unreliable)
,"Lake County, IN",499 grams or less,833.33 (Unreliable)
,"Lake County, IN",500 - 999 grams,315.79 (Unreliable)
Total,"Lake County, IN",,8.31
,"Marion County, IN",499 grams or less,871.79
,"Marion County, IN",500 - 999 grams,272.73
,"Marion County, IN",1500 - 1999 grams,42.55 (Unreliable)
,"Marion County, IN",2500 - 2999 grams,4.68 (Unreliable)
,"Marion County, IN",3000 - 3499 grams,2.15 (Unreliable)
Total,"Marion County, IN",,8.47
Total,"St. Joseph County, IN",,7.27
,"Unidentified Counties, IN",499 grams or less,857.14
,"Unidentified Counties, IN",500 - 999 grams,232.37
,"Unidentified Counties, IN",1000 - 1499 grams,72.63
,"Unidentified Counties, IN",1500 - 1999 grams,38.76
,"Unidentified Counties, IN",2000 - 2499 grams,19.03
,"Unidentified Counties, IN",2500 - 2999 grams,5.59
,"Unidentified Counties, IN",3000 - 3499 grams,2.34
,"Unidentified Counties, IN",3500 - 3999 grams,1.61
Total,"Unidentified Counties, IN",,7.07
,"Polk County, IA",500 - 999 grams,333.33 (Unreliable)
,"Polk County, IA",3000 - 3499 grams,3.93 (Unreliable)
Total,"Polk County, IA",,8.24
,"Unidentified Counties, IA",499 grams or less,724.14
,"Unidentified Counties, IA",500 - 999 grams,272
,"Unidentified Counties, IA",1500 - 1999 grams,39.91 (Unreliable)
,"Unidentified Counties, IA",2000 - 2499 grams,11.74 (Unreliable)
,"Unidentified Counties, IA",2500 - 2999 grams,2.48 (Unreliable)
,"Unidentified Counties, IA",3000 - 3499 grams,2.53
,"Unidentified Counties, IA",3500 - 3999 grams,1.29 (Unreliable)
Total,"Unidentified Counties, IA",,5.48
Total,"Johnson County, KS",,3.94
,"Sedgwick County, KS",499 grams or less,941.18 (Unreliable)
Total,"Sedgwick County, KS",,8.62
,"Unidentified Counties, KS",499 grams or less,818.18 (Unreliable)
,"Unidentified Counties, KS",500 - 999 grams,253.85
,"Unidentified Counties, KS",2000 - 2499 grams,18.10 (Unreliable)
,"Unidentified Counties, KS",2500 - 2999 grams,4.22 (Unreliable)
,"Unidentified Counties, KS",3000 - 3499 grams,2.09 (Unreliable)
,"Unidentified Counties, KS",3500 - 3999 grams,1.98 (Unreliable)
Total,"Unidentified Counties, KS",,5.82
Total,"Fayette County, KY",,5.13
,"Jefferson County, KY",499 grams or less,562.50 (Unreliable)
Total,"Jefferson County, KY",,6.47
,"Unidentified Counties, KY",499 grams or less,657.14
,"Unidentified Counties, KY",500 - 999 grams,251.21
,"Unidentified Counties, KY",1000 - 1499 grams,44.20 (Unreliable)
,"Unidentified Counties, KY",1500 - 1999 grams,38.08
,"Unidentified Counties, KY",2000 - 2499 grams,12.74
,"Unidentified Counties, KY",2500 - 2999 grams,5.85
,"Unidentified Counties, KY",3000 - 3499 grams,2.39
,"Unidentified Counties, KY",3500 - 3999 grams,2.93
Total,"Unidentified Counties, KY",,7.02
,"Caddo Parish, LA",499 grams or less,1000.00 (Unreliable)
,"Caddo Parish, LA",500 - 999 grams,263.16 (Unreliable)
Total,"Caddo Parish, LA",,11.3
,"East Baton Rouge Parish, LA",499 grams or less,863.64 (Unreliable)
,"East Baton Rouge Parish, LA",500 - 999 grams,297.87 (Unreliable)
,"East Baton Rouge Parish, LA",3000 - 3499 grams,4.34 (Unreliable)
Total,"East Baton Rouge Parish, LA",,10.78
Total,"Jefferson Parish, LA",,6.12
Total,"Orleans Parish, LA",,6.62
,"Unidentified Counties, LA",499 grams or less,724.14
,"Unidentified Counties, LA",500 - 999 grams,220.34
,"Unidentified Counties, LA",1000 - 1499 grams,45.92 (Unreliable)
,"Unidentified Counties, LA",1500 - 1999 grams,30.3
,"Unidentified Counties, LA",2000 - 2499 grams,12.06
,"Unidentified Counties, LA",2500 - 2999 grams,4.95
,"Unidentified Counties, LA",3000 - 3499 grams,3.31
,"Unidentified Counties, LA",3500 - 3999 grams,1.81 (Unreliable)
Total,"Unidentified Counties, LA",,7.73
Total,"Cumberland County, ME",,6.71 (Unreliable)
,"Unidentified Counties, ME",499 grams or less,956.52
Total,"Unidentified Counties, ME",,5.47
,"Anne Arundel County, MD",500 - 999 grams,275.00 (Unreliable)
Total,"Anne Arundel County, MD",,6.17
,"Baltimore County, MD",499 grams or less,846.15
,"Baltimore County, MD",500 - 999 grams,196.97 (Unreliable)
Total,"Baltimore County, MD",,5.59
Total,"Howard County, MD",,4.76 (Unreliable)
,"Montgomery County, MD",499 grams or less,888.89
,"Montgomery County, MD",500 - 999 grams,220.34 (Unreliable)
Total,"Montgomery County, MD",,5.56
,"Prince George's County, MD",499 grams or less,1035.71
,"Prince George's County, MD",500 - 999 grams,272.73
Total,"Prince George's County, MD",,7.81
,"Baltimore city, MD",499 grams or less,911.76
,"Baltimore city, MD",500 - 999 grams,191.78 (Unreliable)
Total,"Baltimore city, MD",,8.35
,"Unidentified Counties, MD",499 grams or less,963.64
,"Unidentified Counties, MD",500 - 999 grams,283.78
,"Unidentified Counties, MD",2000 - 2499 grams,10.95 (Unreliable)
,"Unidentified Counties, MD",3000 - 3499 grams,2.01 (Unreliable)
Total,"Unidentified Counties, MD",,6.48
Total,"Bristol County, MA",,3.54
,"Essex County, MA",499 grams or less,789.47 (Unreliable)
Total,"Essex County, MA",,3.94
,"Hampden County, MA",499 grams or less,909.09 (Unreliable)
Total,"Hampden County, MA",,5.04
,"Middlesex County, MA",500 - 999 grams,257.14 (Unreliable)
Total,"Middlesex County, MA",,3.26
Total,"Norfolk County, MA",,2.72
,"Plymouth County, MA",500 - 999 grams,413.79 (Unreliable)
Total,"Plymouth County, MA",,3.89
,"Suffolk County, MA",500 - 999 grams,241.94 (Unreliable)
Total,"Suffolk County, MA",,4.69
,"Worcester County, MA",499 grams or less,1000.00 (Unreliable)
,"Worcester County, MA",500 - 999 grams,309.52 (Unreliable)
Total,"Worcester County, MA",,5.53
Total,"Unidentified Counties, MA",,3.26 (Unreliable)
,"Genesee County, MI",499 grams or less,875.00 (Unreliable)
,"Genesee County, MI",500 - 999 grams,285.71 (Unreliable)
Total,"Genesee County, MI",,9.55
Total,"Ingham County, MI",,6.74
,"Kent County, MI",499 grams or less,909.09
Total,"Kent County, MI",,6.13
,"Macomb County, MI",499 grams or less,789.47 (Unreliable)
,"Macomb County, MI",500 - 999 grams,194.03 (Unreliable)
Total,"Macomb County, MI",,5.31
,"Oakland County, MI",499 grams or less,793.1
,"Oakland County, MI",500 - 999 grams,178.08 (Unreliable)
Total,"Oakland County, MI",,5.49
Total,"Ottawa County, MI",,4.65 (Unreliable)
Total,"Washtenaw County, MI",,6.23
,"Wayne County, MI",499 grams or less,805.56
,"Wayne County, MI",500 - 999 grams,222.8
,"Wayne County, MI",1500 - 1999 grams,30.74 (Unreliable)
,"Wayne County, MI",2000 - 2499 grams,8.99 (Unreliable)
,"Wayne County, MI",2500 - 2999 grams,6.43
,"Wayne County, MI",3000 - 3499 grams,1.84 (Unreliable)
Total,"Wayne County, MI",,8.51
,"Unidentified Counties, MI",499 grams or less,960.78
,"Unidentified Counties, MI",500 - 999 grams,235.29
,"Unidentified Counties, MI",1000 - 1499 grams,48.00 (Unreliable)
,"Unidentified Counties, MI",1500 - 1999 grams,33.93
,"Unidentified Counties, MI",2000 - 2499 grams,11.57
,"Unidentified Counties, MI",2500 - 2999 grams,4.9
,"Unidentified Counties, MI",3000 - 3499 grams,2.32
,"Unidentified Counties, MI",3500 - 3999 grams,1.65 (Unreliable)
Total,"Unidentified Counties, MI",,5.91
Total,"Anoka County, MN",,4.74
Total,"Dakota County, MN",,3.78
,"Hennepin County, MN",499 grams or less,840
,"Hennepin County, MN",500 - 999 grams,261.9
,"Hennepin County, MN",2500 - 2999 grams,4.78 (Unreliable)
,"Hennepin County, MN",3000 - 3499 grams,1.79 (Unreliable)
Total,"Hennepin County, MN",,5.4
,"Ramsey County, MN",499 grams or less,904.76 (Unreliable)
Total,"Ramsey County, MN",,5.69
,"Unidentified Counties, MN",499 grams or less,930.23
,"Unidentified Counties, MN",500 - 999 grams,234.04
,"Unidentified Counties, MN",1000 - 1499 grams,52.36 (Unreliable)
,"Unidentified Counties, MN",1500 - 1999 grams,22.12 (Unreliable)
,"Unidentified Counties, MN",2000 - 2499 grams,8.75 (Unreliable)
,"Unidentified Counties, MN",2500 - 2999 grams,4.82
,"Unidentified Counties, MN",3000 - 3499 grams,2.28
,"Unidentified Counties, MN",3500 - 3999 grams,1.51 (Unreliable)
Total,"Unidentified Counties, MN",,5.14
,"Unidentified Counties, MS",499 grams or less,844.16
,"Unidentified Counties, MS",500 - 999 grams,256.8
,"Unidentified Counties, MS",1000 - 1499 grams,49.75
,"Unidentified Counties, MS",1500 - 1999 grams,23.53
,"Unidentified Counties, MS",2000 - 2499 grams,11.14
,"Unidentified Counties, MS",2500 - 2999 grams,5.05
,"Unidentified Counties, MS",3000 - 3499 grams,3.01
,"Unidentified Counties, MS",3500 - 3999 grams,2.31 (Unreliable)
Total,"Unidentified Counties, MS",,8.67
Total,"Greene County, MO",,6.71
,"Jackson County, MO",499 grams or less,695.65 (Unreliable)
,"Jackson County, MO",500 - 999 grams,238.10 (Unreliable)
Total,"Jackson County, MO",,6.7
Total,"St. Charles County, MO",,4.01 (Unreliable)
,"St. Louis County, MO",499 grams or less,793.1
,"St. Louis County, MO",500 - 999 grams,183.91 (Unreliable)
Total,"St. Louis County, MO",,6.24
,"St. Louis city, MO",499 grams or less,882.35 (Unreliable)
Total,"St. Louis city, MO",,8.11
,"Unidentified Counties, MO",499 grams or less,870.97
,"Unidentified Counties, MO",500 - 999 grams,267.05
,"Unidentified Counties, MO",1000 - 1499 grams,55.56 (Unreliable)
,"Unidentified Counties, MO",1500 - 1999 grams,34.38
,"Unidentified Counties, MO",2000 - 2499 grams,11.82
,"Unidentified Counties, MO",2500 - 2999 grams,6.24
,"Unidentified Counties, MO",3000 - 3499 grams,2.39
,"Unidentified Counties, MO",3500 - 3999 grams,1.8
Total,"Unidentified Counties, MO",,6.77
,"Unidentified Counties, MT",499 grams or less,1000.00 (Unreliable)
,"Unidentified Counties, MT",500 - 999 grams,294.12 (Unreliable)
,"Unidentified Counties, MT",3000 - 3499 grams,3.33 (Unreliable)
Total,"Unidentified Counties, MT",,5.78
,"Douglas County, NE",499 grams or less,888.89 (Unreliable)
,"Douglas County, NE",500 - 999 grams,363.64 (Unreliable)
Total,"Douglas County, NE",,7.02
Total,"Lancaster County, NE",,4.73 (Unreliable)
,"Unidentified Counties, NE",499 grams or less,769.23 (Unreliable)
,"Unidentified Counties, NE",500 - 999 grams,338.46
,"Unidentified Counties, NE",3000 - 3499 grams,2.28 (Unreliable)
Total,"Unidentified Counties, NE",,5.75
,"Clark County, NV",499 grams or less,800
,"Clark County, NV",500 - 999 grams,246.38
,"Clark County, NV",1000 - 1499 grams,68.29 (Unreliable)
,"Clark County, NV",1500 - 1999 grams,25.05 (Unreliable)
,"Clark County, NV",2000 - 2499 grams,9.27 (Unreliable)
,"Clark County, NV",2500 - 2999 grams,3.76
,"Clark County, NV",3000 - 3499 grams,2.52
Total,"Clark County, NV",,5.81
,"Washoe County, NV",500 - 999 grams,476.19 (Unreliable)
Total,"Washoe County, NV",,6.5
Total,"Unidentified Counties, NV",,4.30 (Unreliable)
Total,"Hillsborough County, NH",,3.07 (Unreliable)
Total,"Unidentified Counties, NH",,4.47
Total,"Atlantic County, NJ",,5.99 (Unreliable)
Total,"Bergen County, NJ",,2.01 (Unreliable)
,"Burlington County, NJ",499 grams or less,785.71 (Unreliable)
Total,"Burlington County, NJ",,4.75
,"Camden County, NJ",499 grams or less,923.08 (Unreliable)
,"Camden County, NJ",500 - 999 grams,196.08 (Unreliable)
Total,"Camden County, NJ",,6.91
,"Essex County, NJ",499 grams or less,857.14 (Unreliable)
,"Essex County, NJ",500 - 999 grams,195.65 (Unreliable)
Total,"Essex County, NJ",,5.27
Total,"Gloucester County, NJ",,5.64 (Unreliable)
,"Hudson County, NJ",500 - 999 grams,200.00 (Unreliable)
Total,"Hudson County, NJ",,2.6
Total,"Mercer County, NJ",,5.61
Total,"Middlesex County, NJ",,3.43
Total,"Monmouth County, NJ",,3.52
Total,"Morris County, NJ",,3.02 (Unreliable)
Total,"Ocean County, NJ",,3.5
Total,"Passaic County, NJ",,2.92
Total,"Somerset County, NJ",,4.31 (Unreliable)
Total,"Union County, NJ",,3.4
,"Unidentified Counties, NJ",499 grams or less,1000.00 (Unreliable)
Total,"Unidentified Counties, NJ",,5.45
,"Bernalillo County, NM",500 - 999 grams,377.78 (Unreliable)
Total,"Bernalillo County, NM",,7
,"Unidentified Counties, NM",499 grams or less,703.70 (Unreliable)
,"Unidentified Counties, NM",500 - 999 grams,197.53 (Unreliable)
,"Unidentified Counties, NM",1500 - 1999 grams,33.78 (Unreliable)
,"Unidentified Counties, NM",2000 - 2499 grams,12.07 (Unreliable)
,"Unidentified Counties, NM",2500 - 2999 grams,3.44 (Unreliable)
,"Unidentified Counties, NM",3000 - 3499 grams,2.26 (Unreliable)
Total,"Unidentified Counties, NM",,5.78
Total,"Albany County, NY",,4.60 (Unreliable)
,"Bronx County, NY",500 - 999 grams,186.75
,"Bronx County, NY",1000 - 1499 grams,47.85 (Unreliable)
,"Bronx County, NY",2500 - 2999 grams,3.78 (Unreliable)
Total,"Bronx County, NY",,4.44
Total,"Dutchess County, NY",,5.16 (Unreliable)
,"Erie County, NY",499 grams or less,1000
,"Erie County, NY",500 - 999 grams,169.23 (Unreliable)
Total,"Erie County, NY",,6.86
,"Kings County, NY",499 grams or less,875
,"Kings County, NY",500 - 999 grams,235.02
,"Kings County, NY",1000 - 1499 grams,44.83 (Unreliable)
,"Kings County, NY",2000 - 2499 grams,6.38 (Unreliable)
,"Kings County, NY",2500 - 2999 grams,2.45
,"Kings County, NY",3000 - 3499 grams,1.15 (Unreliable)
Total,"Kings County, NY",,3.82
,"Monroe County, NY",499 grams or less,952.38
,"Monroe County, NY",500 - 999 grams,250.00 (Unreliable)
Total,"Monroe County, NY",,7.25
,"Nassau County, NY",500 - 999 grams,241.94 (Unreliable)
Total,"Nassau County, NY",,3
,"New York County, NY",500 - 999 grams,242.86 (Unreliable)
,"New York County, NY",3000 - 3499 grams,1.53 (Unreliable)
Total,"New York County, NY",,3.07
,"Onondaga County, NY",499 grams or less,1000.00 (Unreliable)
Total,"Onondaga County, NY",,7.82
Total,"Orange County, NY",,4.81
,"Queens County, NY",499 grams or less,945.95
,"Queens County, NY",500 - 999 grams,226.03
,"Queens County, NY",2000 - 2499 grams,6.64 (Unreliable)
,"Queens County, NY",3000 - 3499 grams,1.14 (Unreliable)
Total,"Queens County, NY",,3.85
Total,"Richmond County, NY",,3.29 (Unreliable)
Total,"Rockland County, NY",,3.68
,"Suffolk County, NY",499 grams or less,928.57 (Unreliable)
,"Suffolk County, NY",500 - 999 grams,283.58 (Unreliable)
,"Suffolk County, NY",1000 - 1499 grams,95.24 (Unreliable)
Total,"Suffolk County, NY",,4.43
,"Westchester County, NY",499 grams or less,846.15 (Unreliable)
Total,"Westchester County, NY",,3.4
,"Unidentified Counties, NY",499 grams or less,960
,"Unidentified Counties, NY",500 - 999 grams,255.32
,"Unidentified Counties, NY",1000 - 1499 grams,59.52 (Unreliable)
,"Unidentified Counties, NY",1500 - 1999 grams,28.37 (Unreliable)
,"Unidentified Counties, NY",2000 - 2499 grams,8.72 (Unreliable)
,"Unidentified Counties, NY",2500 - 2999 grams,5.41
,"Unidentified Counties, NY",3000 - 3499 grams,1.94
,"Unidentified Counties, NY",3500 - 3999 grams,1.29 (Unreliable)
Total,"Unidentified Counties, NY",,5.81
,"Cumberland County, NC",499 grams or less,1000
,"Cumberland County, NC",500 - 999 grams,309.52 (Unreliable)
Total,"Cumberland County, NC",,9.92
Total,"Durham County, NC",,5.98
,"Forsyth County, NC",500 - 999 grams,423.08 (Unreliable)
Total,"Forsyth County, NC",,9.56
,"Guilford County, NC",499 grams or less,904.76 (Unreliable)
,"Guilford County, NC",500 - 999 grams,485.71 (Unreliable)
Total,"Guilford County, NC",,7.99
,"Mecklenburg County, NC",499 grams or less,756.76
,"Mecklenburg County, NC",500 - 999 grams,260.42
,"Mecklenburg County, NC",2500 - 2999 grams,3.77 (Unreliable)
,"Mecklenburg County, NC",3000 - 3499 grams,2.09 (Unreliable)
Total,"Mecklenburg County, NC",,6.72
,"Wake County, NC",499 grams or less,942.86
,"Wake County, NC",500 - 999 grams,189.66 (Unreliable)
Total,"Wake County, NC",,5.61
,"Unidentified Counties, NC",499 grams or less,899.33
,"Unidentified Counties, NC",500 - 999 grams,211.07
,"Unidentified Counties, NC",1000 - 1499 grams,42.74
,"Unidentified Counties, NC",1500 - 1999 grams,28.93
,"Unidentified Counties, NC",2000 - 2499 grams,10.96
,"Unidentified Counties, NC",2500 - 2999 grams,5.21
,"Unidentified Counties, NC",3000 - 3499 grams,2.58
,"Unidentified Counties, NC",3500 - 3999 grams,1.58
Total,"Unidentified Counties, NC",,7.3
,"Unidentified Counties, ND",499 grams or less,882.35 (Unreliable)
,"Unidentified Counties, ND",500 - 999 grams,250.00 (Unreliable)
,"Unidentified Counties, ND",2500 - 2999 grams,6.48 (Unreliable)
Total,"Unidentified Counties, ND",,6.41
Total,"Butler County, OH",,5.84
,"Cuyahoga County, OH",499 grams or less,950
,"Cuyahoga County, OH",500 - 999 grams,218.98
,"Cuyahoga County, OH",2500 - 2999 grams,5.73 (Unreliable)
,"Cuyahoga County, OH",3000 - 3499 grams,1.76 (Unreliable)
Total,"Cuyahoga County, OH",,8.4
,"Franklin County, OH",499 grams or less,960
,"Franklin County, OH",500 - 999 grams,282.26
,"Franklin County, OH",1000 - 1499 grams,58.54 (Unreliable)
,"Franklin County, OH",2000 - 2499 grams,11.70 (Unreliable)
,"Franklin County, OH",2500 - 2999 grams,6.27
,"Franklin County, OH",3000 - 3499 grams,1.79 (Unreliable)
Total,"Franklin County, OH",,8.61
,"Hamilton County, OH",499 grams or less,909.09
,"Hamilton County, OH",500 - 999 grams,333.33
,"Hamilton County, OH",2000 - 2499 grams,16.92 (Unreliable)
,"Hamilton County, OH",2500 - 2999 grams,5.13 (Unreliable)
Total,"Hamilton County, OH",,9.52
Total,"Lorain County, OH",,5.16 (Unreliable)
,"Lucas County, OH",499 grams or less,937.50 (Unreliable)
Total,"Lucas County, OH",,6.58
,"Montgomery County, OH",499 grams or less,1066.67 (Unreliable)
,"Montgomery County, OH",500 - 999 grams,261.90 (Unreliable)
Total,"Montgomery County, OH",,6.64
,"Stark County, OH",500 - 999 grams,481.48 (Unreliable)
Total,"Stark County, OH",,9.21
,"Summit County, OH",499 grams or less,1000.00 (Unreliable)
,"Summit County, OH",500 - 999 grams,217.39 (Unreliable)
Total,"Summit County, OH",,7.67
,"Unidentified Counties, OH",499 grams or less,943.82
,"Unidentified Counties, OH",500 - 999 grams,260.42
,"Unidentified Counties, OH",1000 - 1499 grams,55.93
,"Unidentified Counties, OH",1500 - 1999 grams,31.91
,"Unidentified Counties, OH",2000 - 2499 grams,11.8
,"Unidentified Counties, OH",2500 - 2999 grams,4.95
,"Unidentified Counties, OH",3000 - 3499 grams,2.97
,"Unidentified Counties, OH",3500 - 3999 grams,1.5
,"Unidentified Counties, OH",4000 - 4499 grams,2.02 (Unreliable)
Total,"Unidentified Counties, OH",,6.71
Total,"Cleveland County, OK",,3.98 (Unreliable)
,"Oklahoma County, OK",499 grams or less,1000.00 (Unreliable)
,"Oklahoma County, OK",500 - 999 grams,369.86
,"Oklahoma County, OK",2000 - 2499 grams,14.84 (Unreliable)
,"Oklahoma County, OK",2500 - 2999 grams,7.61 (Unreliable)
,"Oklahoma County, OK",3000 - 3499 grams,2.55 (Unreliable)
Total,"Oklahoma County, OK",,8.12
,"Tulsa County, OK",499 grams or less,866.67
,"Tulsa County, OK",500 - 999 grams,333.33 (Unreliable)
,"Tulsa County, OK",2500 - 2999 grams,6.66 (Unreliable)
,"Tulsa County, OK",3000 - 3499 grams,3.74 (Unreliable)
Total,"Tulsa County, OK",,8.92
,"Unidentified Counties, OK",499 grams or less,795.92
,"Unidentified Counties, OK",500 - 999 grams,267.24
,"Unidentified Counties, OK",1000 - 1499 grams,66.67 (Unreliable)
,"Unidentified Counties, OK",2000 - 2499 grams,16.67
,"Unidentified Counties, OK",2500 - 2999 grams,5.59
,"Unidentified Counties, OK",3000 - 3499 grams,2.7
,"Unidentified Counties, OK",3500 - 3999 grams,2.12 (Unreliable)
Total,"Unidentified Counties, OK",,7.07
Total,"Clackamas County, OR",,3.57 (Unreliable)
Total,"Lane County, OR",,3.94 (Unreliable)
Total,"Marion County, OR",,4.63
,"Multnomah County, OR",500 - 999 grams,428.57 (Unreliable)
Total,"Multnomah County, OR",,4.96
Total,"Washington County, OR",,3.44
,"Unidentified Counties, OR",499 grams or less,954.55
,"Unidentified Counties, OR",500 - 999 grams,393.44
,"Unidentified Counties, OR",2500 - 2999 grams,5.14 (Unreliable)
,"Unidentified Counties, OR",3000 - 3499 grams,2.29 (Unreliable)
Total,"Unidentified Counties, OR",,5.53
,"Allegheny County, PA",499 grams or less,1000
,"Allegheny County, PA",500 - 999 grams,274.19 (Unreliable)
,"Allegheny County, PA",3000 - 3499 grams,2.29 (Unreliable)
Total,"Allegheny County, PA",,5.85
Total,"Berks County, PA",,6.48
Total,"Bucks County, PA",,2.85 (Unreliable)
,"Chester County, PA",499 grams or less,1000.00 (Unreliable)
Total,"Chester County, PA",,5.07
Total,"Dauphin County, PA",,7.56
,"Delaware County, PA",499 grams or less,941.18 (Unreliable)
,"Delaware County, PA",500 - 999 grams,243.90 (Unreliable)
Total,"Delaware County, PA",,6.84
Total,"Erie County, PA",,6.85
,"Lancaster County, PA",499 grams or less,1000.00 (Unreliable)
Total,"Lancaster County, PA",,5.86
,"Lehigh County, PA",499 grams or less,1000.00 (Unreliable)
Total,"Lehigh County, PA",,6.58
Total,"Luzerne County, PA",,6.58
,"Montgomery County, PA",499 grams or less,1000.00 (Unreliable)
Total,"Montgomery County, PA",,4.83
Total,"Northampton County, PA",,3.89 (Unreliable)
,"Philadelphia County, PA",499 grams or less,888.89
,"Philadelphia County, PA",500 - 999 grams,201.15
,"Philadelphia County, PA",2000 - 2499 grams,8.39 (Unreliable)
,"Philadelphia County, PA",2500 - 2999 grams,4.71
,"Philadelphia County, PA",3000 - 3499 grams,2.29 (Unreliable)
Total,"Philadelphia County, PA",,8.32
Total,"Westmoreland County, PA",,6.81
,"York County, PA",500 - 999 grams,352.94 (Unreliable)
Total,"York County, PA",,6.63
,"Unidentified Counties, PA",499 grams or less,938.46
,"Unidentified Counties, PA",500 - 999 grams,273.89
,"Unidentified Counties, PA",1000 - 1499 grams,43.48 (Unreliable)
,"Unidentified Counties, PA",1500 - 1999 grams,36.84
,"Unidentified Counties, PA",2000 - 2499 grams,8.23 (Unreliable)
,"Unidentified Counties, PA",2500 - 2999 grams,2.39 (Unreliable)
,"Unidentified Counties, PA",3000 - 3499 grams,2.39
,"Unidentified Counties, PA",3500 - 3999 grams,1.86
Total,"Unidentified Counties, PA",,5.71
,"Providence County, RI",499 grams or less,944.44 (Unreliable)
,"Providence County, RI",500 - 999 grams,333.33 (Unreliable)
Total,"Providence County, RI",,6.6
Total,"Unidentified Counties, RI",,3.41 (Unreliable)
Total,"Charleston County, SC",,5.18
Total,"Greenville County, SC",,5.24
Total,"Horry County, SC",,8.98
Total,"Lexington County, SC",,7.05
Total,"Richland County, SC",,7.9
Total,"Spartanburg County, SC",,4.88 (Unreliable)
,"Unidentified Counties, SC",499 grams or less,828.12
,"Unidentified Counties, SC",500 - 999 grams,268.87
,"Unidentified Counties, SC",1000 - 1499 grams,55.92 (Unreliable)
,"Unidentified Counties, SC",1500 - 1999 grams,25.52 (Unreliable)
,"Unidentified Counties, SC",2000 - 2499 grams,8.57 (Unreliable)
,"Unidentified Counties, SC",2500 - 2999 grams,5.96
,"Unidentified Counties, SC",3000 - 3499 grams,2.09
,"Unidentified Counties, SC",3500 - 3999 grams,1.42 (Unreliable)
Total,"Unidentified Counties, SC",,7.58
,"Unidentified Counties, SD",500 - 999 grams,261.90 (Unreliable)
,"Unidentified Counties, SD",3000 - 3499 grams,2.87 (Unreliable)
Total,"Unidentified Counties, SD",,4.89
,"Davidson County, TN",499 grams or less,833.33 (Unreliable)
,"Davidson County, TN",500 - 999 grams,347.22
,"Davidson County, TN",3000 - 3499 grams,2.95 (Unreliable)
Total,"Davidson County, TN",,7.28
Total,"Hamilton County, TN",,7.92
Total,"Knox County, TN",,5.69
Total,"Rutherford County, TN",,7.02
,"Shelby County, TN",499 grams or less,709.68
,"Shelby County, TN",500 - 999 grams,323.23
,"Shelby County, TN",1000 - 1499 grams,52.91 (Unreliable)
,"Shelby County, TN",1500 - 1999 grams,31.45 (Unreliable)
,"Shelby County, TN",2500 - 2999 grams,4.30 (Unreliable)
,"Shelby County, TN",3000 - 3499 grams,4.1
Total,"Shelby County, TN",,9.22
,"Unidentified Counties, TN",499 grams or less,790.32
,"Unidentified Counties, TN",500 - 999 grams,307.69
,"Unidentified Counties, TN",1000 - 1499 grams,42.90 (Unreliable)
,"Unidentified Counties, TN",1500 - 1999 grams,31.41
,"Unidentified Counties, TN",2000 - 2499 grams,11.42
,"Unidentified Counties, TN",2500 - 2999 grams,5.5
,"Unidentified Counties, TN",3000 - 3499 grams,2.83
,"Unidentified Counties, TN",3500 - 3999 grams,2.4
Total,"Unidentified Counties, TN",,6.95
,"Bell County, TX",499 grams or less,833.33 (Unreliable)
,"Bell County, TX",500 - 999 grams,224.49 (Unreliable)
Total,"Bell County, TX",,6.68
,"Bexar County, TX",499 grams or less,849.06
,"Bexar County, TX",500 - 999 grams,186.21
,"Bexar County, TX",1000 - 1499 grams,46.73 (Unreliable)
,"Bexar County, TX",1500 - 1999 grams,35.12 (Unreliable)
,"Bexar County, TX",2000 - 2499 grams,14.03
,"Bexar County, TX",2500 - 2999 grams,2.82 (Unreliable)
,"Bexar County, TX",3000 - 3499 grams,2.13
,"Bexar County, TX",3500 - 3999 grams,1.47 (Unreliable)
Total,"Bexar County, TX",,6.36
Total,"Brazoria County, TX",,4.58
Total,"Cameron County, TX",,5.37
,"Collin County, TX",500 - 999 grams,224.49 (Unreliable)
Total,"Collin County, TX",,4.33
,"Dallas County, TX",499 grams or less,785.71
,"Dallas County, TX",500 - 999 grams,180.18
,"Dallas County, TX",1000 - 1499 grams,61.29 (Unreliable)
,"Dallas County, TX",2000 - 2499 grams,12.63
,"Dallas County, TX",2500 - 2999 grams,3.77
,"Dallas County, TX",3000 - 3499 grams,1.85
,"Dallas County, TX",3500 - 3999 grams,1.76 (Unreliable)
Total,"Dallas County, TX",,5.75
,"Denton County, TX",500 - 999 grams,196.72 (Unreliable)
Total,"Denton County, TX",,4.71
,"El Paso County, TX",500 - 999 grams,148.65 (Unreliable)
,"El Paso County, TX",3000 - 3499 grams,1.76 (Unreliable)
Total,"El Paso County, TX",,4.13
,"Fort Bend County, TX",500 - 999 grams,240.74 (Unreliable)
Total,"Fort Bend County, TX",,5.11
Total,"Galveston County, TX",,5.76
,"Harris County, TX",499 grams or less,683.82
,"Harris County, TX",500 - 999 grams,233.12
,"Harris County, TX",1000 - 1499 grams,42.33
,"Harris County, TX",1500 - 1999 grams,18.85
,"Harris County, TX",2000 - 2499 grams,8.59
,"Harris County, TX",2500 - 2999 grams,3.08
,"Harris County, TX",3000 - 3499 grams,2
,"Harris County, TX",3500 - 3999 grams,1.95
,"Harris County, TX",4000 - 4499 grams,3.59 (Unreliable)
Total,"Harris County, TX",,5.98
,"Hidalgo County, TX",499 grams or less,666.67 (Unreliable)
,"Hidalgo County, TX",500 - 999 grams,200.00 (Unreliable)
,"Hidalgo County, TX",2000 - 2499 grams,11.85 (Unreliable)
,"Hidalgo County, TX",2500 - 2999 grams,3.11 (Unreliable)
Total,"Hidalgo County, TX",,4.74
,"Jefferson County, TX",500 - 999 grams,379.31 (Unreliable)
Total,"Jefferson County, TX",,10.06
Total,"Lubbock County, TX",,6.32
,"Montgomery County, TX",500 - 999 grams,292.68 (Unreliable)
Total,"Montgomery County, TX",,6.4
Total,"Nueces County, TX",,5.91
,"Tarrant County, TX",499 grams or less,783.33
,"Tarrant County, TX",500 - 999 grams,260.36
,"Tarrant County, TX",1500 - 1999 grams,24.07 (Unreliable)
,"Tarrant County, TX",2000 - 2499 grams,10.58 (Unreliable)
,"Tarrant County, TX",2500 - 2999 grams,3.9
,"Tarrant County, TX",3000 - 3499 grams,1.78
Total,"Tarrant County, TX",,6.23
,"Travis County, TX",499 grams or less,548.39 (Unreliable)
,"Travis County, TX",3000 - 3499 grams,1.75 (Unreliable)
Total,"Travis County, TX",,3.75
Total,"Webb County, TX",,4.05
Total,"Williamson County, TX",,5.97
,"Unidentified Counties, TX",499 grams or less,631.02
,"Unidentified Counties, TX",500 - 999 grams,243.9
,"Unidentified Counties, TX",1000 - 1499 grams,47.55
,"Unidentified Counties, TX",1500 - 1999 grams,31.27
,"Unidentified Counties, TX",2000 - 2499 grams,11.18
,"Unidentified Counties, TX",2500 - 2999 grams,3.78
,"Unidentified Counties, TX",3000 - 3499 grams,2.25
,"Unidentified Counties, TX",3500 - 3999 grams,1.56
,"Unidentified Counties, TX",4000 - 4499 grams,2.60 (Unreliable)
Total,"Unidentified Counties, TX",,6.03
Total,"Davis County, UT",,3.69
,"Salt Lake County, UT",499 grams or less,913.04
,"Salt Lake County, UT",500 - 999 grams,365.38 (Unreliable)
,"Salt Lake County, UT",1000 - 1499 grams,75.76 (Unreliable)
,"Salt Lake County, UT",2500 - 2999 grams,4.72 (Unreliable)
,"Salt Lake County, UT",3000 - 3499 grams,2.38 (Unreliable)
Total,"Salt Lake County, UT",,5.56
,"Utah County, UT",499 grams or less,1000
,"Utah County, UT",500 - 999 grams,222.22 (Unreliable)
,"Utah County, UT",2500 - 2999 grams,6.35 (Unreliable)
,"Utah County, UT",3000 - 3499 grams,2.29 (Unreliable)
Total,"Utah County, UT",,6.68
,"Unidentified Counties, UT",499 grams or less,1000.00 (Unreliable)
,"Unidentified Counties, UT",500 - 999 grams,210.53 (Unreliable)
,"Unidentified Counties, UT",2500 - 2999 grams,4.01 (Unreliable)
,"Unidentified Counties, UT",3000 - 3499 grams,1.80 (Unreliable)
Total,"Unidentified Counties, UT",,4.87
Total,"Unidentified Counties, VT",,3.47
Total,"Chesterfield County, VA",,6.44
,"Fairfax County, VA",499 grams or less,947.37 (Unreliable)
,"Fairfax County, VA",500 - 999 grams,186.44 (Unreliable)
Total,"Fairfax County, VA",,3.99
Total,"Henrico County, VA",,7.17
Total,"Loudoun County, VA",,3.94
Total,"Prince William County, VA",,3.65
,"Virginia Beach city, VA",499 grams or less,611.11 (Unreliable)
Total,"Virginia Beach city, VA",,5.4
,"Unidentified Counties, VA",499 grams or less,772.28
,"Unidentified Counties, VA",500 - 999 grams,243.46
,"Unidentified Counties, VA",1000 - 1499 grams,32.79 (Unreliable)
,"Unidentified Counties, VA",1500 - 1999 grams,23.52
,"Unidentified Counties, VA",2000 - 2499 grams,11.95
,"Unidentified Counties, VA",2500 - 2999 grams,4.24
,"Unidentified Counties, VA",3000 - 3499 grams,2.57
,"Unidentified Counties, VA",3500 - 3999 grams,2.22
Total,"Unidentified Counties, VA",,6.59
Total,"Clark County, WA",,4.59
,"King County, WA",499 grams or less,1000
,"King County, WA",500 - 999 grams,293.33
,"King County, WA",3000 - 3499 grams,1.10 (Unreliable)
Total,"King County, WA",,3.8
,"Pierce County, WA",500 - 999 grams,261.90 (Unreliable)
Total,"Pierce County, WA",,4.08
,"Snohomish County, WA",500 - 999 grams,277.78 (Unreliable)
,"Snohomish County, WA",3000 - 3499 grams,2.96 (Unreliable)
Total,"Snohomish County, WA",,4.98
Total,"Spokane County, WA",,3.58
Total,"Thurston County, WA",,4.68 (Unreliable)
,"Unidentified Counties, WA",499 grams or less,833.33 (Unreliable)
,"Unidentified Counties, WA",500 - 999 grams,308.64
,"Unidentified Counties, WA",1500 - 1999 grams,30.21 (Unreliable)
,"Unidentified Counties, WA",2000 - 2499 grams,14.71 (Unreliable)
,"Unidentified Counties, WA",2500 - 2999 grams,4.93 (Unreliable)
,"Unidentified Counties, WA",3000 - 3499 grams,2.29
Total,"Unidentified Counties, WA",,4.93
,"Unidentified Counties, WV",499 grams or less,928.57
,"Unidentified Counties, WV",500 - 999 grams,288.89
,"Unidentified Counties, WV",1000 - 1499 grams,75.95 (Unreliable)
,"Unidentified Counties, WV",2000 - 2499 grams,16.56
,"Unidentified Counties, WV",2500 - 2999 grams,4.34 (Unreliable)
,"Unidentified Counties, WV",3000 - 3499 grams,2.65 (Unreliable)
,"Unidentified Counties, WV",3500 - 3999 grams,2.03 (Unreliable)
Total,"Unidentified Counties, WV",,7.23
,"Dane County, WI",500 - 999 grams,333.33 (Unreliable)
Total,"Dane County, WI",,6.61
,"Milwaukee County, WI",499 grams or less,878.05
,"Milwaukee County, WI",500 - 999 grams,212.77
,"Milwaukee County, WI",2500 - 2999 grams,4.82 (Unreliable)
Total,"Milwaukee County, WI",,7.69
Total,"Waukesha County, WI",,2.99 (Unreliable)
,"Unidentified Counties, WI",499 grams or less,940
,"Unidentified Counties, WI",500 - 999 grams,374.15
,"Unidentified Counties, WI",1000 - 1499 grams,76.63
,"Unidentified Counties, WI",1500 - 1999 grams,36.85
,"Unidentified Counties, WI",2000 - 2499 grams,10.41 (Unreliable)
,"Unidentified Counties, WI",2500 - 2999 grams,4.54
,"Unidentified Counties, WI",3000 - 3499 grams,2.3
,"Unidentified Counties, WI",3500 - 3999 grams,1.83
Total,"Unidentified Counties, WI",,6.13
Total,"Unidentified Counties, WY",,5.01
Total,,,5.87